Province,City,Year,Month,PMTen
Seoul,Seoul,2011,1,44
Seoul,Seoul,2011,2,75
Seoul,Seoul,2011,3,65
Seoul,Seoul,2011,4,56
Seoul,Seoul,2011,5,72
Seoul,Seoul,2011,6,44
Seoul,Seoul,2011,7,28
Seoul,Seoul,2011,8,27
Seoul,Seoul,2011,9,29
Seoul,Seoul,2011,10,42
Seoul,Seoul,2011,11,38
Seoul,Seoul,2011,12,46
Seoul,Seoul,2012,1,60
Seoul,Seoul,2012,2,50
Seoul,Seoul,2012,3,46
Seoul,Seoul,2012,4,51
Seoul,Seoul,2012,5,52
Seoul,Seoul,2012,6,40
Seoul,Seoul,2012,7,28
Seoul,Seoul,2012,8,22
Seoul,Seoul,2012,9,27
Seoul,Seoul,2012,10,33
Seoul,Seoul,2012,11,42
Seoul,Seoul,2012,12,41
Seoul,Seoul,2013,1,64
Seoul,Seoul,2013,2,45
Seoul,Seoul,2013,3,55
Seoul,Seoul,2013,4,52
Seoul,Seoul,2013,5,55
Seoul,Seoul,2013,6,40
Seoul,Seoul,2013,7,34
Seoul,Seoul,2013,8,35
Seoul,Seoul,2013,9,28
Seoul,Seoul,2013,10,29
Seoul,Seoul,2013,11,42
Seoul,Seoul,2013,12,55
Seoul,Seoul,2014,1,57
Seoul,Seoul,2014,2,57
Seoul,Seoul,2014,3,60
Seoul,Seoul,2014,4,58
Seoul,Seoul,2014,5,63
Seoul,Seoul,2014,6,38
Seoul,Seoul,2014,7,38
Seoul,Seoul,2014,8,29
Seoul,Seoul,2014,9,29
Seoul,Seoul,2014,10,33
Seoul,Seoul,2014,11,45
Seoul,Seoul,2014,12,44
Seoul,Seoul,2015,1,49
Seoul,Seoul,2015,2,84
Seoul,Seoul,2015,3,71
Seoul,Seoul,2015,4,45
Seoul,Seoul,2015,5,45
Seoul,Seoul,2015,6,35
Seoul,Seoul,2015,7,30
Seoul,Seoul,2015,8,34
Seoul,Seoul,2015,9,28
Seoul,Seoul,2015,10,44
Seoul,Seoul,2015,11,33
Seoul,Seoul,2015,12,48
Seoul,Seoul,2016,1,50
Seoul,Seoul,2016,2,45
Seoul,Seoul,2016,3,64
Seoul,Seoul,2016,4,71
Seoul,Seoul,2016,5,56
Seoul,Seoul,2016,6,46
Seoul,Seoul,2016,7,33
Seoul,Seoul,2016,8,34
Seoul,Seoul,2016,9,37
Seoul,Seoul,2016,10,38
Seoul,Seoul,2016,11,52
Seoul,Seoul,2016,12,48
Seoul,Seoul,2017,1,53
Seoul,Seoul,2017,2,46
Seoul,Seoul,2017,3,60
Seoul,Seoul,2017,4,56
Seoul,Seoul,2017,5,63
Seoul,Seoul,2017,6,41
Seoul,Seoul,2017,7,33
Seoul,Seoul,2017,8,21
Seoul,Seoul,2017,9,32
Seoul,Seoul,2017,10,29
Seoul,Seoul,2017,11,42
Seoul,Seoul,2017,12,50
Seoul,Seoul,2018,1,52
Seoul,Seoul,2018,2,53
Seoul,Seoul,2018,3,52
Seoul,Seoul,2018,4,52
Seoul,Seoul,2018,5,42
Seoul,Seoul,2018,6,37
Seoul,Seoul,2018,7,24
Seoul,Seoul,2018,8,22
Seoul,Seoul,2018,9,20
Seoul,Seoul,2018,10,28
Seoul,Seoul,2018,11,52
Seoul,Seoul,2018,12,43
Seoul,Seoul,2019,1,66
Seoul,Seoul,2019,2,57
Seoul,Seoul,2019,3,69
Seoul,Seoul,2019,4,41
Seoul,Seoul,2019,5,52
Seoul,Seoul,2019,6,29
Seoul,Seoul,2019,7,26
Seoul,Seoul,2019,8,25
Seoul,Seoul,2019,9,21
Seoul,Seoul,2019,10,31
Seoul,Seoul,2019,11,40
Seoul,Seoul,2019,12,42
Seoul,Seoul,2020,1,42
Seoul,Seoul,2020,2,41
Seoul,Seoul,2020,3,45
Seoul,Seoul,2020,4,44
Seoul,Seoul,2020,5,35
Busan,Busan,2011,1,38
Busan,Busan,2011,2,57
Busan,Busan,2011,3,58
Busan,Busan,2011,4,56
Busan,Busan,2011,5,76
Busan,Busan,2011,6,52
Busan,Busan,2011,7,41
Busan,Busan,2011,8,35
Busan,Busan,2011,9,33
Busan,Busan,2011,10,43
Busan,Busan,2011,11,41
Busan,Busan,2011,12,41
Busan,Busan,2012,1,45
Busan,Busan,2012,2,46
Busan,Busan,2012,3,47
Busan,Busan,2012,4,53
Busan,Busan,2012,5,58
Busan,Busan,2012,6,38
Busan,Busan,2012,7,40
Busan,Busan,2012,8,34
Busan,Busan,2012,9,35
Busan,Busan,2012,10,42
Busan,Busan,2012,11,47
Busan,Busan,2012,12,36
Busan,Busan,2013,1,56
Busan,Busan,2013,2,47
Busan,Busan,2013,3,66
Busan,Busan,2013,4,49
Busan,Busan,2013,5,62
Busan,Busan,2013,6,47
Busan,Busan,2013,7,47
Busan,Busan,2013,8,47
Busan,Busan,2013,9,33
Busan,Busan,2013,10,38
Busan,Busan,2013,11,43
Busan,Busan,2013,12,47
Busan,Busan,2014,1,57
Busan,Busan,2014,2,45
Busan,Busan,2014,3,50
Busan,Busan,2014,4,53
Busan,Busan,2014,5,71
Busan,Busan,2014,6,54
Busan,Busan,2014,7,48
Busan,Busan,2014,8,36
Busan,Busan,2014,9,39
Busan,Busan,2014,10,39
Busan,Busan,2014,11,47
Busan,Busan,2014,12,42
Busan,Busan,2015,1,47
Busan,Busan,2015,2,63
Busan,Busan,2015,3,56
Busan,Busan,2015,4,48
Busan,Busan,2015,5,56
Busan,Busan,2015,6,49
Busan,Busan,2015,7,37*
Busan,Busan,2015,8,39*
Busan,Busan,2015,9,29*
Busan,Busan,2015,10,43*
Busan,Busan,2015,11,33
Busan,Busan,2015,12,41
Busan,Busan,2016,1,45
Busan,Busan,2016,2,46
Busan,Busan,2016,3,52
Busan,Busan,2016,4,60
Busan,Busan,2016,5,53
Busan,Busan,2016,6,39
Busan,Busan,2016,7,29
Busan,Busan,2016,8,36
Busan,Busan,2016,9,36
Busan,Busan,2016,10,37
Busan,Busan,2016,11,49
Busan,Busan,2016,12,44
Busan,Busan,2017,1,45
Busan,Busan,2017,2,42
Busan,Busan,2017,3,52
Busan,Busan,2017,4,54
Busan,Busan,2017,5,58
Busan,Busan,2017,6,42
Busan,Busan,2017,7,37
Busan,Busan,2017,8,28
Busan,Busan,2017,9,39
Busan,Busan,2017,10,32
Busan,Busan,2017,11,50
Busan,Busan,2017,12,46
Busan,Busan,2018,1,45
Busan,Busan,2018,2,52
Busan,Busan,2018,3,44
Busan,Busan,2018,4,63
Busan,Busan,2018,5,44
Busan,Busan,2018,6,41
Busan,Busan,2018,7,37
Busan,Busan,2018,8,28
Busan,Busan,2018,9,26
Busan,Busan,2018,10,32
Busan,Busan,2018,11,47
Busan,Busan,2018,12,40
Busan,Busan,2019,1,48
Busan,Busan,2019,2,48
Busan,Busan,2019,3,51
Busan,Busan,2019,4,40
Busan,Busan,2019,5,47
Busan,Busan,2019,6,32
Busan,Busan,2019,7,26
Busan,Busan,2019,8,30
Busan,Busan,2019,9,24
Busan,Busan,2019,10,27
Busan,Busan,2019,11,35
Busan,Busan,2019,12,35
Busan,Busan,2020,1,32
Busan,Busan,2020,2,34
Busan,Busan,2020,3,33
Busan,Busan,2020,4,36
Busan,Busan,2020,5,32
Daegu,Daegu,2011,1,41
Daegu,Daegu,2011,2,65
Daegu,Daegu,2011,3,58
Daegu,Daegu,2011,4,51
Daegu,Daegu,2011,5,66
Daegu,Daegu,2011,6,46
Daegu,Daegu,2011,7,35
Daegu,Daegu,2011,8,32
Daegu,Daegu,2011,9,32
Daegu,Daegu,2011,10,44
Daegu,Daegu,2011,11,47
Daegu,Daegu,2011,12,43
Daegu,Daegu,2012,1,51
Daegu,Daegu,2012,2,49
Daegu,Daegu,2012,3,48
Daegu,Daegu,2012,4,50
Daegu,Daegu,2012,5,49
Daegu,Daegu,2012,6,37
Daegu,Daegu,2012,7,34
Daegu,Daegu,2012,8,27
Daegu,Daegu,2012,9,31
Daegu,Daegu,2012,10,43
Daegu,Daegu,2012,11,48
Daegu,Daegu,2012,12,43
Daegu,Daegu,2013,1,65
Daegu,Daegu,2013,2,50
Daegu,Daegu,2013,3,60
Daegu,Daegu,2013,4,45
Daegu,Daegu,2013,5,52
Daegu,Daegu,2013,6,44
Daegu,Daegu,2013,7,32
Daegu,Daegu,2013,8,39
Daegu,Daegu,2013,9,31
Daegu,Daegu,2013,10,35
Daegu,Daegu,2013,11,42
Daegu,Daegu,2013,12,48
Daegu,Daegu,2014,1,60
Daegu,Daegu,2014,2,50
Daegu,Daegu,2014,3,50
Daegu,Daegu,2014,4,53
Daegu,Daegu,2014,5,60
Daegu,Daegu,2014,6,42
Daegu,Daegu,2014,7,38
Daegu,Daegu,2014,8,27
Daegu,Daegu,2014,9,33
Daegu,Daegu,2014,10,36
Daegu,Daegu,2014,11,49
Daegu,Daegu,2014,12,44
Daegu,Daegu,2015,1,54
Daegu,Daegu,2015,2,66
Daegu,Daegu,2015,3,61
Daegu,Daegu,2015,4,42
Daegu,Daegu,2015,5,48
Daegu,Daegu,2015,6,47
Daegu,Daegu,2015,7,34
Daegu,Daegu,2015,8,37
Daegu,Daegu,2015,9,30
Daegu,Daegu,2015,10,43
Daegu,Daegu,2015,11,34
Daegu,Daegu,2015,12,51
Daegu,Daegu,2016,1,49
Daegu,Daegu,2016,2,45
Daegu,Daegu,2016,3,52
Daegu,Daegu,2016,4,60
Daegu,Daegu,2016,5,48
Daegu,Daegu,2016,6,39
Daegu,Daegu,2016,7,29
Daegu,Daegu,2016,8,28
Daegu,Daegu,2016,9,33
Daegu,Daegu,2016,10,35
Daegu,Daegu,2016,11,52*
Daegu,Daegu,2016,12,47
Daegu,Daegu,2017,1,49
Daegu,Daegu,2017,2,41
Daegu,Daegu,2017,3,48
Daegu,Daegu,2017,4,50
Daegu,Daegu,2017,5,53
Daegu,Daegu,2017,6,38
Daegu,Daegu,2017,7,34
Daegu,Daegu,2017,8,24
Daegu,Daegu,2017,9,36*
Daegu,Daegu,2017,10,32*
Daegu,Daegu,2017,11,52
Daegu,Daegu,2017,12,46
Daegu,Daegu,2018,1,47
Daegu,Daegu,2018,2,48
Daegu,Daegu,2018,3,43
Daegu,Daegu,2018,4,56
Daegu,Daegu,2018,5,40
Daegu,Daegu,2018,6,36
Daegu,Daegu,2018,7,27
Daegu,Daegu,2018,8,22
Daegu,Daegu,2018,9,24
Daegu,Daegu,2018,10,32
Daegu,Daegu,2018,11,57
Daegu,Daegu,2018,12,47
Daegu,Daegu,2019,1,57
Daegu,Daegu,2019,2,54
Daegu,Daegu,2019,3,54
Daegu,Daegu,2019,4,40
Daegu,Daegu,2019,5,46
Daegu,Daegu,2019,6,32
Daegu,Daegu,2019,7,26
Daegu,Daegu,2019,8,26
Daegu,Daegu,2019,9,23
Daegu,Daegu,2019,10,27
Daegu,Daegu,2019,11,41
Daegu,Daegu,2019,12,42
Daegu,Daegu,2020,1,37
Daegu,Daegu,2020,2,38
Daegu,Daegu,2020,3,38
Daegu,Daegu,2020,4,39
Daegu,Daegu,2020,5,38
Incheon,Incheon,2011,1,48
Incheon,Incheon,2011,2,79
Incheon,Incheon,2011,3,71
Incheon,Incheon,2011,4,63
Incheon,Incheon,2011,5,84
Incheon,Incheon,2011,6,50
Incheon,Incheon,2011,7,36
Incheon,Incheon,2011,8,36
Incheon,Incheon,2011,9,40
Incheon,Incheon,2011,10,54
Incheon,Incheon,2011,11,49
Incheon,Incheon,2011,12,50
Incheon,Incheon,2012,1,63
Incheon,Incheon,2012,2,56
Incheon,Incheon,2012,3,55
Incheon,Incheon,2012,4,57
Incheon,Incheon,2012,5,64
Incheon,Incheon,2012,6,45
Incheon,Incheon,2012,7,30
Incheon,Incheon,2012,8,28
Incheon,Incheon,2012,9,35
Incheon,Incheon,2012,10,40
Incheon,Incheon,2012,11,49
Incheon,Incheon,2012,12,46
Incheon,Incheon,2013,1,63
Incheon,Incheon,2013,2,50
Incheon,Incheon,2013,3,58
Incheon,Incheon,2013,4,59
Incheon,Incheon,2013,5,60
Incheon,Incheon,2013,6,48
Incheon,Incheon,2013,7,39
Incheon,Incheon,2013,8,40
Incheon,Incheon,2013,9,35
Incheon,Incheon,2013,10,36
Incheon,Incheon,2013,11,46
Incheon,Incheon,2013,12,55
Incheon,Incheon,2014,1,58
Incheon,Incheon,2014,2,58
Incheon,Incheon,2014,3,58
Incheon,Incheon,2014,4,59
Incheon,Incheon,2014,5,67
Incheon,Incheon,2014,6,43
Incheon,Incheon,2014,7,41
Incheon,Incheon,2014,8,34
Incheon,Incheon,2014,9,36
Incheon,Incheon,2014,10,40
Incheon,Incheon,2014,11,47
Incheon,Incheon,2014,12,45
Incheon,Incheon,2015,1,53
Incheon,Incheon,2015,2,84
Incheon,Incheon,2015,3,73
Incheon,Incheon,2015,4,54
Incheon,Incheon,2015,5,52
Incheon,Incheon,2015,6,42
Incheon,Incheon,2015,7,34*
Incheon,Incheon,2015,8,42*
Incheon,Incheon,2015,9,38*
Incheon,Incheon,2015,10,53
Incheon,Incheon,2015,11,41
Incheon,Incheon,2015,12,54
Incheon,Incheon,2016,1,49
Incheon,Incheon,2016,2,46
Incheon,Incheon,2016,3,65
Incheon,Incheon,2016,4,72
Incheon,Incheon,2016,5,58
Incheon,Incheon,2016,6,48
Incheon,Incheon,2016,7,35
Incheon,Incheon,2016,8,37
Incheon,Incheon,2016,9,41
Incheon,Incheon,2016,10,42
Incheon,Incheon,2016,11,55
Incheon,Incheon,2016,12,47
Incheon,Incheon,2017,1,52
Incheon,Incheon,2017,2,47
Incheon,Incheon,2017,3,62
Incheon,Incheon,2017,4,58
Incheon,Incheon,2017,5,63
Incheon,Incheon,2017,6,42
Incheon,Incheon,2017,7,37
Incheon,Incheon,2017,8,27*
Incheon,Incheon,2017,9,38
Incheon,Incheon,2017,10,33
Incheon,Incheon,2017,11,41
Incheon,Incheon,2017,12,45
Incheon,Incheon,2018,1,48
Incheon,Incheon,2018,2,49
Incheon,Incheon,2018,3,49
Incheon,Incheon,2018,4,46
Incheon,Incheon,2018,5,40
Incheon,Incheon,2018,6,34
Incheon,Incheon,2018,7,26
Incheon,Incheon,2018,8,25
Incheon,Incheon,2018,9,24
Incheon,Incheon,2018,10,33
Incheon,Incheon,2018,11,55
Incheon,Incheon,2018,12,45
Incheon,Incheon,2019,1,62
Incheon,Incheon,2019,2,55
Incheon,Incheon,2019,3,67
Incheon,Incheon,2019,4,43
Incheon,Incheon,2019,5,51
Incheon,Incheon,2019,6,29
Incheon,Incheon,2019,7,31
Incheon,Incheon,2019,8,30
Incheon,Incheon,2019,9,28
Incheon,Incheon,2019,10,35
Incheon,Incheon,2019,11,41
Incheon,Incheon,2019,12,40
Incheon,Incheon,2020,1,42
Incheon,Incheon,2020,2,37
Incheon,Incheon,2020,3,41
Incheon,Incheon,2020,4,39
Incheon,Incheon,2020,5,31
Gwangju,Gwangju,2011,1,34
Gwangju,Gwangju,2011,2,60
Gwangju,Gwangju,2011,3,55
Gwangju,Gwangju,2011,4,54
Gwangju,Gwangju,2011,5,67
Gwangju,Gwangju,2011,6,45
Gwangju,Gwangju,2011,7,28
Gwangju,Gwangju,2011,8,27
Gwangju,Gwangju,2011,9,30
Gwangju,Gwangju,2011,10,40
Gwangju,Gwangju,2011,11,38
Gwangju,Gwangju,2011,12,35
Gwangju,Gwangju,2012,1,45
Gwangju,Gwangju,2012,2,40
Gwangju,Gwangju,2012,3,45
Gwangju,Gwangju,2012,4,45
Gwangju,Gwangju,2012,5,56
Gwangju,Gwangju,2012,6,35
Gwangju,Gwangju,2012,7,24
Gwangju,Gwangju,2012,8,22
Gwangju,Gwangju,2012,9,32
Gwangju,Gwangju,2012,10,39
Gwangju,Gwangju,2012,11,43
Gwangju,Gwangju,2012,12,31
Gwangju,Gwangju,2013,1,52
Gwangju,Gwangju,2013,2,40
Gwangju,Gwangju,2013,3,59
Gwangju,Gwangju,2013,4,46
Gwangju,Gwangju,2013,5,57
Gwangju,Gwangju,2013,6,42
Gwangju,Gwangju,2013,7,33
Gwangju,Gwangju,2013,8,32
Gwangju,Gwangju,2013,9,33
Gwangju,Gwangju,2013,10,32
Gwangju,Gwangju,2013,11,39
Gwangju,Gwangju,2013,12,42
Gwangju,Gwangju,2014,1,52
Gwangju,Gwangju,2014,2,46
Gwangju,Gwangju,2014,3,49
Gwangju,Gwangju,2014,4,43
Gwangju,Gwangju,2014,5,64
Gwangju,Gwangju,2014,6,41
Gwangju,Gwangju,2014,7,29
Gwangju,Gwangju,2014,8,32
Gwangju,Gwangju,2014,9,31
Gwangju,Gwangju,2014,10,32
Gwangju,Gwangju,2014,11,37
Gwangju,Gwangju,2014,12,35
Gwangju,Gwangju,2015,1,43
Gwangju,Gwangju,2015,2,59
Gwangju,Gwangju,2015,3,64
Gwangju,Gwangju,2015,4,40
Gwangju,Gwangju,2015,5,41
Gwangju,Gwangju,2015,6,41
Gwangju,Gwangju,2015,7,31*
Gwangju,Gwangju,2015,8,29*
Gwangju,Gwangju,2015,9,25*
Gwangju,Gwangju,2015,10,49*
Gwangju,Gwangju,2015,11,35
Gwangju,Gwangju,2015,12,42
Gwangju,Gwangju,2016,1,39
Gwangju,Gwangju,2016,2,44
Gwangju,Gwangju,2016,3,52
Gwangju,Gwangju,2016,4,64
Gwangju,Gwangju,2016,5,49
Gwangju,Gwangju,2016,6,35
Gwangju,Gwangju,2016,7,23
Gwangju,Gwangju,2016,8,28
Gwangju,Gwangju,2016,9,31
Gwangju,Gwangju,2016,10,32
Gwangju,Gwangju,2016,11,44
Gwangju,Gwangju,2016,12,40
Gwangju,Gwangju,2017,1,47
Gwangju,Gwangju,2017,2,35
Gwangju,Gwangju,2017,3,49
Gwangju,Gwangju,2017,4,54
Gwangju,Gwangju,2017,5,56
Gwangju,Gwangju,2017,6,35
Gwangju,Gwangju,2017,7,24
Gwangju,Gwangju,2017,8,24
Gwangju,Gwangju,2017,9,34
Gwangju,Gwangju,2017,10,33
Gwangju,Gwangju,2017,11,50
Gwangju,Gwangju,2017,12,44
Gwangju,Gwangju,2018,1,45
Gwangju,Gwangju,2018,2,50
Gwangju,Gwangju,2018,3,48
Gwangju,Gwangju,2018,4,56
Gwangju,Gwangju,2018,5,40
Gwangju,Gwangju,2018,6,41
Gwangju,Gwangju,2018,7,26
Gwangju,Gwangju,2018,8,24
Gwangju,Gwangju,2018,9,25
Gwangju,Gwangju,2018,10,34
Gwangju,Gwangju,2018,11,59
Gwangju,Gwangju,2018,12,43
Gwangju,Gwangju,2019,1,53
Gwangju,Gwangju,2019,2,57
Gwangju,Gwangju,2019,3,63
Gwangju,Gwangju,2019,4,43
Gwangju,Gwangju,2019,5,50
Gwangju,Gwangju,2019,6,40
Gwangju,Gwangju,2019,7,29
Gwangju,Gwangju,2019,8,31
Gwangju,Gwangju,2019,9,27
Gwangju,Gwangju,2019,10,35
Gwangju,Gwangju,2019,11,43
Gwangju,Gwangju,2019,12,33
Gwangju,Gwangju,2020,1,36
Gwangju,Gwangju,2020,2,32
Gwangju,Gwangju,2020,3,35
Gwangju,Gwangju,2020,4,38
Gwangju,Gwangju,2020,5,31
Daejeon,Daejeon,2011,1,39
Daejeon,Daejeon,2011,2,63
Daejeon,Daejeon,2011,3,59
Daejeon,Daejeon,2011,4,52
Daejeon,Daejeon,2011,5,67
Daejeon,Daejeon,2011,6,43
Daejeon,Daejeon,2011,7,28
Daejeon,Daejeon,2011,8,25
Daejeon,Daejeon,2011,9,28
Daejeon,Daejeon,2011,10,42
Daejeon,Daejeon,2011,11,40
Daejeon,Daejeon,2011,12,43
Daejeon,Daejeon,2012,1,51
Daejeon,Daejeon,2012,2,45
Daejeon,Daejeon,2012,3,46
Daejeon,Daejeon,2012,4,49
Daejeon,Daejeon,2012,5,53
Daejeon,Daejeon,2012,6,37
Daejeon,Daejeon,2012,7,27
Daejeon,Daejeon,2012,8,19
Daejeon,Daejeon,2012,9,28
Daejeon,Daejeon,2012,10,33
Daejeon,Daejeon,2012,11,44
Daejeon,Daejeon,2012,12,38
Daejeon,Daejeon,2013,1,58
Daejeon,Daejeon,2013,2,47
Daejeon,Daejeon,2013,3,54
Daejeon,Daejeon,2013,4,48
Daejeon,Daejeon,2013,5,53
Daejeon,Daejeon,2013,6,40
Daejeon,Daejeon,2013,7,28
Daejeon,Daejeon,2013,8,28
Daejeon,Daejeon,2013,9,29
Daejeon,Daejeon,2013,10,30
Daejeon,Daejeon,2013,11,39
Daejeon,Daejeon,2013,12,46
Daejeon,Daejeon,2014,1,56
Daejeon,Daejeon,2014,2,51
Daejeon,Daejeon,2014,3,50
Daejeon,Daejeon,2014,4,45
Daejeon,Daejeon,2014,5,59
Daejeon,Daejeon,2014,6,39
Daejeon,Daejeon,2014,7,31
Daejeon,Daejeon,2014,8,23
Daejeon,Daejeon,2014,9,27
Daejeon,Daejeon,2014,10,29
Daejeon,Daejeon,2014,11,39
Daejeon,Daejeon,2014,12,43
Daejeon,Daejeon,2015,1,52
Daejeon,Daejeon,2015,2,68
Daejeon,Daejeon,2015,3,68
Daejeon,Daejeon,2015,4,40
Daejeon,Daejeon,2015,5,49
Daejeon,Daejeon,2015,6,40
Daejeon,Daejeon,2015,7,31*
Daejeon,Daejeon,2015,8,32*
Daejeon,Daejeon,2015,9,27
Daejeon,Daejeon,2015,10,50
Daejeon,Daejeon,2015,11,37
Daejeon,Daejeon,2015,12,49
Daejeon,Daejeon,2016,1,48
Daejeon,Daejeon,2016,2,46
Daejeon,Daejeon,2016,3,59
Daejeon,Daejeon,2016,4,64
Daejeon,Daejeon,2016,5,49
Daejeon,Daejeon,2016,6,38
Daejeon,Daejeon,2016,7,27
Daejeon,Daejeon,2016,8,29
Daejeon,Daejeon,2016,9,32
Daejeon,Daejeon,2016,10,36
Daejeon,Daejeon,2016,11,51
Daejeon,Daejeon,2016,12,47
Daejeon,Daejeon,2017,1,51
Daejeon,Daejeon,2017,2,46
Daejeon,Daejeon,2017,3,54
Daejeon,Daejeon,2017,4,58
Daejeon,Daejeon,2017,5,63
Daejeon,Daejeon,2017,6,43
Daejeon,Daejeon,2017,7,32
Daejeon,Daejeon,2017,8,24
Daejeon,Daejeon,2017,9,37
Daejeon,Daejeon,2017,10,36
Daejeon,Daejeon,2017,11,51
Daejeon,Daejeon,2017,12,49
Daejeon,Daejeon,2018,1,56
Daejeon,Daejeon,2018,2,56
Daejeon,Daejeon,2018,3,52
Daejeon,Daejeon,2018,4,60
Daejeon,Daejeon,2018,5,47
Daejeon,Daejeon,2018,6,38
Daejeon,Daejeon,2018,7,26
Daejeon,Daejeon,2018,8,22
Daejeon,Daejeon,2018,9,22
Daejeon,Daejeon,2018,10,31
Daejeon,Daejeon,2018,11,63
Daejeon,Daejeon,2018,12,51
Daejeon,Daejeon,2019,1,66
Daejeon,Daejeon,2019,2,62
Daejeon,Daejeon,2019,3,68
Daejeon,Daejeon,2019,4,40
Daejeon,Daejeon,2019,5,46
Daejeon,Daejeon,2019,6,30
Daejeon,Daejeon,2019,7,23
Daejeon,Daejeon,2019,8,25
Daejeon,Daejeon,2019,9,22
Daejeon,Daejeon,2019,10,29
Daejeon,Daejeon,2019,11,43
Daejeon,Daejeon,2019,12,40
Daejeon,Daejeon,2020,1,41
Daejeon,Daejeon,2020,2,38
Daejeon,Daejeon,2020,3,40
Daejeon,Daejeon,2020,4,41
Daejeon,Daejeon,2020,5,32
Ulsan,Ulsan,2011,1,39
Ulsan,Ulsan,2011,2,59
Ulsan,Ulsan,2011,3,63
Ulsan,Ulsan,2011,4,59
Ulsan,Ulsan,2011,5,75
Ulsan,Ulsan,2011,6,55
Ulsan,Ulsan,2011,7,42
Ulsan,Ulsan,2011,8,35
Ulsan,Ulsan,2011,9,35
Ulsan,Ulsan,2011,10,46
Ulsan,Ulsan,2011,11,45
Ulsan,Ulsan,2011,12,41
Ulsan,Ulsan,2012,1,48
Ulsan,Ulsan,2012,2,47
Ulsan,Ulsan,2012,3,49
Ulsan,Ulsan,2012,4,59
Ulsan,Ulsan,2012,5,60
Ulsan,Ulsan,2012,6,40
Ulsan,Ulsan,2012,7,49
Ulsan,Ulsan,2012,8,36
Ulsan,Ulsan,2012,9,36
Ulsan,Ulsan,2012,10,44
Ulsan,Ulsan,2012,11,45
Ulsan,Ulsan,2012,12,34
Ulsan,Ulsan,2013,1,54
Ulsan,Ulsan,2013,2,46
Ulsan,Ulsan,2013,3,64
Ulsan,Ulsan,2013,4,46
Ulsan,Ulsan,2013,5,59
Ulsan,Ulsan,2013,6,49
Ulsan,Ulsan,2013,7,44
Ulsan,Ulsan,2013,8,49
Ulsan,Ulsan,2013,9,32
Ulsan,Ulsan,2013,10,36
Ulsan,Ulsan,2013,11,41
Ulsan,Ulsan,2013,12,45
Ulsan,Ulsan,2014,1,55
Ulsan,Ulsan,2014,2,45
Ulsan,Ulsan,2014,3,49
Ulsan,Ulsan,2014,4,56
Ulsan,Ulsan,2014,5,67
Ulsan,Ulsan,2014,6,48
Ulsan,Ulsan,2014,7,45
Ulsan,Ulsan,2014,8,32
Ulsan,Ulsan,2014,9,35
Ulsan,Ulsan,2014,10,39
Ulsan,Ulsan,2014,11,46
Ulsan,Ulsan,2014,12,38
Ulsan,Ulsan,2015,1,46
Ulsan,Ulsan,2015,2,64
Ulsan,Ulsan,2015,3,59
Ulsan,Ulsan,2015,4,49
Ulsan,Ulsan,2015,5,57
Ulsan,Ulsan,2015,6,50
Ulsan,Ulsan,2015,7,38
Ulsan,Ulsan,2015,8,38*
Ulsan,Ulsan,2015,9,28*
Ulsan,Ulsan,2015,10,43*
Ulsan,Ulsan,2015,11,31
Ulsan,Ulsan,2015,12,39
Ulsan,Ulsan,2016,1,43
Ulsan,Ulsan,2016,2,42
Ulsan,Ulsan,2016,3,50
Ulsan,Ulsan,2016,4,61
Ulsan,Ulsan,2016,5,57
Ulsan,Ulsan,2016,6,41
Ulsan,Ulsan,2016,7,32
Ulsan,Ulsan,2016,8,32
Ulsan,Ulsan,2016,9,35
Ulsan,Ulsan,2016,10,37
Ulsan,Ulsan,2016,11,48
Ulsan,Ulsan,2016,12,40
Ulsan,Ulsan,2017,1,42
Ulsan,Ulsan,2017,2,39
Ulsan,Ulsan,2017,3,51
Ulsan,Ulsan,2017,4,55
Ulsan,Ulsan,2017,5,64
Ulsan,Ulsan,2017,6,44
Ulsan,Ulsan,2017,7,41
Ulsan,Ulsan,2017,8,27
Ulsan,Ulsan,2017,9,36
Ulsan,Ulsan,2017,10,29
Ulsan,Ulsan,2017,11,46
Ulsan,Ulsan,2017,12,38
Ulsan,Ulsan,2018,1,40
Ulsan,Ulsan,2018,2,47
Ulsan,Ulsan,2018,3,40
Ulsan,Ulsan,2018,4,64
Ulsan,Ulsan,2018,5,45
Ulsan,Ulsan,2018,6,42
Ulsan,Ulsan,2018,7,39
Ulsan,Ulsan,2018,8,25
Ulsan,Ulsan,2018,9,26
Ulsan,Ulsan,2018,10,31
Ulsan,Ulsan,2018,11,47
Ulsan,Ulsan,2018,12,35
Ulsan,Ulsan,2019,1,45
Ulsan,Ulsan,2019,2,46
Ulsan,Ulsan,2019,3,49
Ulsan,Ulsan,2019,4,40
Ulsan,Ulsan,2019,5,49
Ulsan,Ulsan,2019,6,34
Ulsan,Ulsan,2019,7,29
Ulsan,Ulsan,2019,8,30
Ulsan,Ulsan,2019,9,25
Ulsan,Ulsan,2019,10,27
Ulsan,Ulsan,2019,11,34
Ulsan,Ulsan,2019,12,33
Ulsan,Ulsan,2020,1,30
Ulsan,Ulsan,2020,2,31
Ulsan,Ulsan,2020,3,34
Ulsan,Ulsan,2020,4,36
Ulsan,Ulsan,2020,5,36
Sejong,Sejong,2011,1,-
Sejong,Sejong,2011,2,-
Sejong,Sejong,2011,3,-
Sejong,Sejong,2011,4,-
Sejong,Sejong,2011,5,-
Sejong,Sejong,2011,6,-
Sejong,Sejong,2011,7,-
Sejong,Sejong,2011,8,-
Sejong,Sejong,2011,9,-
Sejong,Sejong,2011,10,-
Sejong,Sejong,2011,11,-
Sejong,Sejong,2011,12,-
Sejong,Sejong,2012,1,-
Sejong,Sejong,2012,2,-
Sejong,Sejong,2012,3,-
Sejong,Sejong,2012,4,-
Sejong,Sejong,2012,5,-
Sejong,Sejong,2012,6,-
Sejong,Sejong,2012,7,-
Sejong,Sejong,2012,8,-
Sejong,Sejong,2012,9,-
Sejong,Sejong,2012,10,-
Sejong,Sejong,2012,11,-
Sejong,Sejong,2012,12,-
Sejong,Sejong,2013,1,-
Sejong,Sejong,2013,2,-
Sejong,Sejong,2013,3,-
Sejong,Sejong,2013,4,-
Sejong,Sejong,2013,5,-
Sejong,Sejong,2013,6,-
Sejong,Sejong,2013,7,-
Sejong,Sejong,2013,8,-
Sejong,Sejong,2013,9,-
Sejong,Sejong,2013,10,-
Sejong,Sejong,2013,11,-
Sejong,Sejong,2013,12,-
Sejong,Sejong,2014,1,
Sejong,Sejong,2014,2,
Sejong,Sejong,2014,3,
Sejong,Sejong,2014,4,
Sejong,Sejong,2014,5,
Sejong,Sejong,2014,6,
Sejong,Sejong,2014,7,
Sejong,Sejong,2014,8,
Sejong,Sejong,2014,9,
Sejong,Sejong,2014,10,
Sejong,Sejong,2014,11,
Sejong,Sejong,2014,12,
Sejong,Sejong,2015,1,-
Sejong,Sejong,2015,2,-
Sejong,Sejong,2015,3,-
Sejong,Sejong,2015,4,-
Sejong,Sejong,2015,5,-
Sejong,Sejong,2015,6,-
Sejong,Sejong,2015,7,
Sejong,Sejong,2015,8,-
Sejong,Sejong,2015,9,-
Sejong,Sejong,2015,10,-
Sejong,Sejong,2015,11,-
Sejong,Sejong,2015,12,-
Sejong,Sejong,2016,1,52
Sejong,Sejong,2016,2,47
Sejong,Sejong,2016,3,59
Sejong,Sejong,2016,4,60
Sejong,Sejong,2016,5,47
Sejong,Sejong,2016,6,39
Sejong,Sejong,2016,7,30
Sejong,Sejong,2016,8,38
Sejong,Sejong,2016,9,39
Sejong,Sejong,2016,10,39
Sejong,Sejong,2016,11,53
Sejong,Sejong,2016,12,49
Sejong,Sejong,2017,1,53
Sejong,Sejong,2017,2,46
Sejong,Sejong,2017,3,57
Sejong,Sejong,2017,4,58
Sejong,Sejong,2017,5,64
Sejong,Sejong,2017,6,44
Sejong,Sejong,2017,7,36
Sejong,Sejong,2017,8,28
Sejong,Sejong,2017,9,40
Sejong,Sejong,2017,10,39
Sejong,Sejong,2017,11,50
Sejong,Sejong,2017,12,47
Sejong,Sejong,2018,1,53
Sejong,Sejong,2018,2,51
Sejong,Sejong,2018,3,46
Sejong,Sejong,2018,4,55
Sejong,Sejong,2018,5,45
Sejong,Sejong,2018,6,36
Sejong,Sejong,2018,7,27
Sejong,Sejong,2018,8,24
Sejong,Sejong,2018,9,23
Sejong,Sejong,2018,10,31
Sejong,Sejong,2018,11,58
Sejong,Sejong,2018,12,55
Sejong,Sejong,2019,1,70
Sejong,Sejong,2019,2,64
Sejong,Sejong,2019,3,71
Sejong,Sejong,2019,4,40
Sejong,Sejong,2019,5,50
Sejong,Sejong,2019,6,34
Sejong,Sejong,2019,7,23
Sejong,Sejong,2019,8,27
Sejong,Sejong,2019,9,23
Sejong,Sejong,2019,10,32
Sejong,Sejong,2019,11,45
Sejong,Sejong,2019,12,46
Sejong,Sejong,2020,1,47
Sejong,Sejong,2020,2,43
Sejong,Sejong,2020,3,47
Sejong,Sejong,2020,4,44
Sejong,Sejong,2020,5,34
Gyeonggi-do,Yongin,2011,1,51
Gyeonggi-do,Yongin,2011,2,83
Gyeonggi-do,Yongin,2011,3,74
Gyeonggi-do,Yongin,2011,4,65
Gyeonggi-do,Yongin,2011,5,77
Gyeonggi-do,Yongin,2011,6,52
Gyeonggi-do,Yongin,2011,7,33
Gyeonggi-do,Yongin,2011,8,32
Gyeonggi-do,Yongin,2011,9,36
Gyeonggi-do,Yongin,2011,10,52
Gyeonggi-do,Yongin,2011,11,47
Gyeonggi-do,Yongin,2011,12,55
Gyeonggi-do,Yongin,2012,1,68
Gyeonggi-do,Yongin,2012,2,58
Gyeonggi-do,Yongin,2012,3,58
Gyeonggi-do,Yongin,2012,4,60
Gyeonggi-do,Yongin,2012,5,64
Gyeonggi-do,Yongin,2012,6,50
Gyeonggi-do,Yongin,2012,7,36
Gyeonggi-do,Yongin,2012,8,29
Gyeonggi-do,Yongin,2012,9,38
Gyeonggi-do,Yongin,2012,10,43
Gyeonggi-do,Yongin,2012,11,55
Gyeonggi-do,Yongin,2012,12,55
Gyeonggi-do,Yongin,2013,1,77
Gyeonggi-do,Yongin,2013,2,55
Gyeonggi-do,Yongin,2013,3,71
Gyeonggi-do,Yongin,2013,4,67
Gyeonggi-do,Yongin,2013,5,66
Gyeonggi-do,Yongin,2013,6,50
Gyeonggi-do,Yongin,2013,7,40
Gyeonggi-do,Yongin,2013,8,43
Gyeonggi-do,Yongin,2013,9,36
Gyeonggi-do,Yongin,2013,10,40
Gyeonggi-do,Yongin,2013,11,54
Gyeonggi-do,Yongin,2013,12,70
Gyeonggi-do,Yongin,2014,1,76
Gyeonggi-do,Yongin,2014,2,72
Gyeonggi-do,Yongin,2014,3,70
Gyeonggi-do,Yongin,2014,4,70
Gyeonggi-do,Yongin,2014,5,75
Gyeonggi-do,Yongin,2014,6,50
Gyeonggi-do,Yongin,2014,7,49
Gyeonggi-do,Yongin,2014,8,38
Gyeonggi-do,Yongin,2014,9,35
Gyeonggi-do,Yongin,2014,10,41
Gyeonggi-do,Yongin,2014,11,55
Gyeonggi-do,Yongin,2014,12,54
Gyeonggi-do,Yongin,2015,1,62
Gyeonggi-do,Yongin,2015,2,94
Gyeonggi-do,Yongin,2015,3,83
Gyeonggi-do,Yongin,2015,4,51
Gyeonggi-do,Yongin,2015,5,55
Gyeonggi-do,Yongin,2015,6,44
Gyeonggi-do,Yongin,2015,7,35
Gyeonggi-do,Yongin,2015,8,44*
Gyeonggi-do,Yongin,2015,9,37*
Gyeonggi-do,Yongin,2015,10,55*
Gyeonggi-do,Yongin,2015,11,37
Gyeonggi-do,Yongin,2015,12,55
Gyeonggi-do,Yongin,2016,1,53
Gyeonggi-do,Yongin,2016,2,49
Gyeonggi-do,Yongin,2016,3,63
Gyeonggi-do,Yongin,2016,4,67
Gyeonggi-do,Yongin,2016,5,53
Gyeonggi-do,Yongin,2016,6,44
Gyeonggi-do,Yongin,2016,7,32
Gyeonggi-do,Yongin,2016,8,36
Gyeonggi-do,Yongin,2016,9,40
Gyeonggi-do,Yongin,2016,10,42
Gyeonggi-do,Yongin,2016,11,58
Gyeonggi-do,Yongin,2016,12,55
Gyeonggi-do,Yongin,2017,1,61
Gyeonggi-do,Yongin,2017,2,54
Gyeonggi-do,Yongin,2017,3,69
Gyeonggi-do,Yongin,2017,4,62
Gyeonggi-do,Yongin,2017,5,69
Gyeonggi-do,Yongin,2017,6,44
Gyeonggi-do,Yongin,2017,7,36
Gyeonggi-do,Yongin,2017,8,28
Gyeonggi-do,Yongin,2017,9,39*
Gyeonggi-do,Yongin,2017,10,34
Gyeonggi-do,Yongin,2017,11,54
Gyeonggi-do,Yongin,2017,12,59
Gyeonggi-do,Yongin,2018,1,58
Gyeonggi-do,Yongin,2018,2,54
Gyeonggi-do,Yongin,2018,3,54
Gyeonggi-do,Yongin,2018,4,54
Gyeonggi-do,Yongin,2018,5,44
Gyeonggi-do,Yongin,2018,6,37
Gyeonggi-do,Yongin,2018,7,27
Gyeonggi-do,Yongin,2018,8,24
Gyeonggi-do,Yongin,2018,9,23
Gyeonggi-do,Yongin,2018,10,33
Gyeonggi-do,Yongin,2018,11,59
Gyeonggi-do,Yongin,2018,12,45
Gyeonggi-do,Yongin,2019,1,66
Gyeonggi-do,Yongin,2019,2,58*
Gyeonggi-do,Yongin,2019,3,65
Gyeonggi-do,Yongin,2019,4,43
Gyeonggi-do,Yongin,2019,5,56
Gyeonggi-do,Yongin,2019,6,32
Gyeonggi-do,Yongin,2019,7,27
Gyeonggi-do,Yongin,2019,8,28
Gyeonggi-do,Yongin,2019,9,24
Gyeonggi-do,Yongin,2019,10,34
Gyeonggi-do,Yongin,2019,11,47
Gyeonggi-do,Yongin,2019,12,50
Gyeonggi-do,Yongin,2020,1,48
Gyeonggi-do,Yongin,2020,2,47
Gyeonggi-do,Yongin,2020,3,52
Gyeonggi-do,Yongin,2020,4,47
Gyeonggi-do,Yongin,2020,5,35
Gangwon-do,Chuncheon,2011,1,57
Gangwon-do,Chuncheon,2011,2,80
Gangwon-do,Chuncheon,2011,3,71
Gangwon-do,Chuncheon,2011,4,60
Gangwon-do,Chuncheon,2011,5,73
Gangwon-do,Chuncheon,2011,6,45
Gangwon-do,Chuncheon,2011,7,29
Gangwon-do,Chuncheon,2011,8,29
Gangwon-do,Chuncheon,2011,9,31
Gangwon-do,Chuncheon,2011,10,45
Gangwon-do,Chuncheon,2011,11,49
Gangwon-do,Chuncheon,2011,12,58
Gangwon-do,Chuncheon,2012,1,71
Gangwon-do,Chuncheon,2012,2,59
Gangwon-do,Chuncheon,2012,3,53
Gangwon-do,Chuncheon,2012,4,53
Gangwon-do,Chuncheon,2012,5,49
Gangwon-do,Chuncheon,2012,6,38
Gangwon-do,Chuncheon,2012,7,30
Gangwon-do,Chuncheon,2012,8,22
Gangwon-do,Chuncheon,2012,9,28
Gangwon-do,Chuncheon,2012,10,39
Gangwon-do,Chuncheon,2012,11,54
Gangwon-do,Chuncheon,2012,12,54
Gangwon-do,Chuncheon,2013,1,78
Gangwon-do,Chuncheon,2013,2,57
Gangwon-do,Chuncheon,2013,3,71
Gangwon-do,Chuncheon,2013,4,62
Gangwon-do,Chuncheon,2013,5,69
Gangwon-do,Chuncheon,2013,6,43
Gangwon-do,Chuncheon,2013,7,38
Gangwon-do,Chuncheon,2013,8,41
Gangwon-do,Chuncheon,2013,9,29
Gangwon-do,Chuncheon,2013,10,36
Gangwon-do,Chuncheon,2013,11,53
Gangwon-do,Chuncheon,2013,12,75
Gangwon-do,Chuncheon,2014,1,70
Gangwon-do,Chuncheon,2014,2,62
Gangwon-do,Chuncheon,2014,3,71
Gangwon-do,Chuncheon,2014,4,67
Gangwon-do,Chuncheon,2014,5,63
Gangwon-do,Chuncheon,2014,6,38
Gangwon-do,Chuncheon,2014,7,33
Gangwon-do,Chuncheon,2014,8,28
Gangwon-do,Chuncheon,2014,9,28
Gangwon-do,Chuncheon,2014,10,33
Gangwon-do,Chuncheon,2014,11,45
Gangwon-do,Chuncheon,2014,12,56*
Gangwon-do,Chuncheon,2015,1,65
Gangwon-do,Chuncheon,2015,2,95
Gangwon-do,Chuncheon,2015,3,81
Gangwon-do,Chuncheon,2015,4,49
Gangwon-do,Chuncheon,2015,5,53
Gangwon-do,Chuncheon,2015,6,37
Gangwon-do,Chuncheon,2015,7,32
Gangwon-do,Chuncheon,2015,8,38
Gangwon-do,Chuncheon,2015,9,32
Gangwon-do,Chuncheon,2015,10,52*
Gangwon-do,Chuncheon,2015,11,41
Gangwon-do,Chuncheon,2015,12,66*
Gangwon-do,Chuncheon,2016,1,62**
Gangwon-do,Chuncheon,2016,2,59**
Gangwon-do,Chuncheon,2016,3,70**
Gangwon-do,Chuncheon,2016,4,71**
Gangwon-do,Chuncheon,2016,5,52**
Gangwon-do,Chuncheon,2016,6,37**
Gangwon-do,Chuncheon,2016,7,29**
Gangwon-do,Chuncheon,2016,8,28**
Gangwon-do,Chuncheon,2016,9,31**
Gangwon-do,Chuncheon,2016,10,34**
Gangwon-do,Chuncheon,2016,11,60**
Gangwon-do,Chuncheon,2016,12,54**
Gangwon-do,Chuncheon,2017,1,64**
Gangwon-do,Chuncheon,2017,2,56
Gangwon-do,Chuncheon,2017,3,60
Gangwon-do,Chuncheon,2017,4,54
Gangwon-do,Chuncheon,2017,5,62
Gangwon-do,Chuncheon,2017,6,40
Gangwon-do,Chuncheon,2017,7,32
Gangwon-do,Chuncheon,2017,8,19
Gangwon-do,Chuncheon,2017,9,31
Gangwon-do,Chuncheon,2017,10,28
Gangwon-do,Chuncheon,2017,11,48
Gangwon-do,Chuncheon,2017,12,52
Gangwon-do,Chuncheon,2018,1,57
Gangwon-do,Chuncheon,2018,2,60
Gangwon-do,Chuncheon,2018,3,51
Gangwon-do,Chuncheon,2018,4,57
Gangwon-do,Chuncheon,2018,5,39
Gangwon-do,Chuncheon,2018,6,31
Gangwon-do,Chuncheon,2018,7,25
Gangwon-do,Chuncheon,2018,8,21
Gangwon-do,Chuncheon,2018,9,20
Gangwon-do,Chuncheon,2018,10,27
Gangwon-do,Chuncheon,2018,11,44
Gangwon-do,Chuncheon,2018,12,49
Gangwon-do,Chuncheon,2019,1,75
Gangwon-do,Chuncheon,2019,2,62
Gangwon-do,Chuncheon,2019,3,66
Gangwon-do,Chuncheon,2019,4,39
Gangwon-do,Chuncheon,2019,5,49
Gangwon-do,Chuncheon,2019,6,31
Gangwon-do,Chuncheon,2019,7,25
Gangwon-do,Chuncheon,2019,8,27
Gangwon-do,Chuncheon,2019,9,20
Gangwon-do,Chuncheon,2019,10,31
Gangwon-do,Chuncheon,2019,11,45
Gangwon-do,Chuncheon,2019,12,47
Gangwon-do,Chuncheon,2020,1,45
Gangwon-do,Chuncheon,2020,2,42
Gangwon-do,Chuncheon,2020,3,42
Gangwon-do,Chuncheon,2020,4,43
Gangwon-do,Chuncheon,2020,5,30
Gangwon-do,Wonju,2011,1,66
Gangwon-do,Wonju,2011,2,99
Gangwon-do,Wonju,2011,3,79
Gangwon-do,Wonju,2011,4,69
Gangwon-do,Wonju,2011,5,75
Gangwon-do,Wonju,2011,6,49
Gangwon-do,Wonju,2011,7,26
Gangwon-do,Wonju,2011,8,26
Gangwon-do,Wonju,2011,9,33
Gangwon-do,Wonju,2011,10,56
Gangwon-do,Wonju,2011,11,61
Gangwon-do,Wonju,2011,12,77
Gangwon-do,Wonju,2012,1,89
Gangwon-do,Wonju,2012,2,75
Gangwon-do,Wonju,2012,3,63
Gangwon-do,Wonju,2012,4,70
Gangwon-do,Wonju,2012,5,72
Gangwon-do,Wonju,2012,6,55
Gangwon-do,Wonju,2012,7,41
Gangwon-do,Wonju,2012,8,29
Gangwon-do,Wonju,2012,9,38
Gangwon-do,Wonju,2012,10,51
Gangwon-do,Wonju,2012,11,70
Gangwon-do,Wonju,2012,12,70
Gangwon-do,Wonju,2013,1,98
Gangwon-do,Wonju,2013,2,71
Gangwon-do,Wonju,2013,3,85
Gangwon-do,Wonju,2013,4,70
Gangwon-do,Wonju,2013,5,74
Gangwon-do,Wonju,2013,6,48
Gangwon-do,Wonju,2013,7,39
Gangwon-do,Wonju,2013,8,43
Gangwon-do,Wonju,2013,9,35
Gangwon-do,Wonju,2013,10,40
Gangwon-do,Wonju,2013,11,62
Gangwon-do,Wonju,2013,12,90
Gangwon-do,Wonju,2014,1,89
Gangwon-do,Wonju,2014,2,74
Gangwon-do,Wonju,2014,3,81
Gangwon-do,Wonju,2014,4,77
Gangwon-do,Wonju,2014,5,79
Gangwon-do,Wonju,2014,6,52
Gangwon-do,Wonju,2014,7,43
Gangwon-do,Wonju,2014,8,35
Gangwon-do,Wonju,2014,9,35
Gangwon-do,Wonju,2014,10,44
Gangwon-do,Wonju,2014,11,68
Gangwon-do,Wonju,2014,12,65
Gangwon-do,Wonju,2015,1,79
Gangwon-do,Wonju,2015,2,109
Gangwon-do,Wonju,2015,3,94
Gangwon-do,Wonju,2015,4,54
Gangwon-do,Wonju,2015,5,62
Gangwon-do,Wonju,2015,6,44
Gangwon-do,Wonju,2015,7,33
Gangwon-do,Wonju,2015,8,38*
Gangwon-do,Wonju,2015,9,29
Gangwon-do,Wonju,2015,10,45*
Gangwon-do,Wonju,2015,11,38
Gangwon-do,Wonju,2015,12,63
Gangwon-do,Wonju,2016,1,63
Gangwon-do,Wonju,2016,2,56
Gangwon-do,Wonju,2016,3,70
Gangwon-do,Wonju,2016,4,68
Gangwon-do,Wonju,2016,5,57
Gangwon-do,Wonju,2016,6,44
Gangwon-do,Wonju,2016,7,28
Gangwon-do,Wonju,2016,8,29
Gangwon-do,Wonju,2016,9,34
Gangwon-do,Wonju,2016,10,40
Gangwon-do,Wonju,2016,11,69
Gangwon-do,Wonju,2016,12,66
Gangwon-do,Wonju,2017,1,77
Gangwon-do,Wonju,2017,2,68
Gangwon-do,Wonju,2017,3,69
Gangwon-do,Wonju,2017,4,64
Gangwon-do,Wonju,2017,5,63
Gangwon-do,Wonju,2017,6,41
Gangwon-do,Wonju,2017,7,30
Gangwon-do,Wonju,2017,8,19
Gangwon-do,Wonju,2017,9,33
Gangwon-do,Wonju,2017,10,29
Gangwon-do,Wonju,2017,11,54
Gangwon-do,Wonju,2017,12,57
Gangwon-do,Wonju,2018,1,59
Gangwon-do,Wonju,2018,2,48
Gangwon-do,Wonju,2018,3,48
Gangwon-do,Wonju,2018,4,59
Gangwon-do,Wonju,2018,5,45
Gangwon-do,Wonju,2018,6,42
Gangwon-do,Wonju,2018,7,32
Gangwon-do,Wonju,2018,8,24
Gangwon-do,Wonju,2018,9,26
Gangwon-do,Wonju,2018,10,28*
Gangwon-do,Wonju,2018,11,54
Gangwon-do,Wonju,2018,12,51
Gangwon-do,Wonju,2019,1,73
Gangwon-do,Wonju,2019,2,65
Gangwon-do,Wonju,2019,3,70
Gangwon-do,Wonju,2019,4,44
Gangwon-do,Wonju,2019,5,52
Gangwon-do,Wonju,2019,6,35
Gangwon-do,Wonju,2019,7,31
Gangwon-do,Wonju,2019,8,30
Gangwon-do,Wonju,2019,9,21
Gangwon-do,Wonju,2019,10,28
Gangwon-do,Wonju,2019,11,38
Gangwon-do,Wonju,2019,12,40
Gangwon-do,Wonju,2020,1,39
Gangwon-do,Wonju,2020,2,36
Gangwon-do,Wonju,2020,3,38
Gangwon-do,Wonju,2020,4,38
Gangwon-do,Wonju,2020,5,27*
Chungcheongbuk-do,Cheongju,2011,1,62
Chungcheongbuk-do,Cheongju,2011,2,98
Chungcheongbuk-do,Cheongju,2011,3,85
Chungcheongbuk-do,Cheongju,2011,4,73
Chungcheongbuk-do,Cheongju,2011,5,77
Chungcheongbuk-do,Cheongju,2011,6,57
Chungcheongbuk-do,Cheongju,2011,7,33
Chungcheongbuk-do,Cheongju,2011,8,32
Chungcheongbuk-do,Cheongju,2011,9,38
Chungcheongbuk-do,Cheongju,2011,10,58
Chungcheongbuk-do,Cheongju,2011,11,56
Chungcheongbuk-do,Cheongju,2011,12,60
Chungcheongbuk-do,Cheongju,2012,1,71
Chungcheongbuk-do,Cheongju,2012,2,63
Chungcheongbuk-do,Cheongju,2012,3,63
Chungcheongbuk-do,Cheongju,2012,4,64
Chungcheongbuk-do,Cheongju,2012,5,67
Chungcheongbuk-do,Cheongju,2012,6,48
Chungcheongbuk-do,Cheongju,2012,7,37
Chungcheongbuk-do,Cheongju,2012,8,21*
Chungcheongbuk-do,Cheongju,2012,9,38
Chungcheongbuk-do,Cheongju,2012,10,47
Chungcheongbuk-do,Cheongju,2012,11,61
Chungcheongbuk-do,Cheongju,2012,12,60
Chungcheongbuk-do,Cheongju,2013,1,88
Chungcheongbuk-do,Cheongju,2013,2,67
Chungcheongbuk-do,Cheongju,2013,3,79
Chungcheongbuk-do,Cheongju,2013,4,69
Chungcheongbuk-do,Cheongju,2013,5,67
Chungcheongbuk-do,Cheongju,2013,6,50
Chungcheongbuk-do,Cheongju,2013,7,31*
Chungcheongbuk-do,Cheongju,2013,8,35
Chungcheongbuk-do,Cheongju,2013,9,35
Chungcheongbuk-do,Cheongju,2013,10,38
Chungcheongbuk-do,Cheongju,2013,11,49
Chungcheongbuk-do,Cheongju,2013,12,60
Chungcheongbuk-do,Cheongju,2014,1,75*
Chungcheongbuk-do,Cheongju,2014,2,67
Chungcheongbuk-do,Cheongju,2014,3,65
Chungcheongbuk-do,Cheongju,2014,4,63
Chungcheongbuk-do,Cheongju,2014,5,69
Chungcheongbuk-do,Cheongju,2014,6,47
Chungcheongbuk-do,Cheongju,2014,7,38
Chungcheongbuk-do,Cheongju,2014,8,27
Chungcheongbuk-do,Cheongju,2014,9,32
Chungcheongbuk-do,Cheongju,2014,10,37
Chungcheongbuk-do,Cheongju,2014,11,54
Chungcheongbuk-do,Cheongju,2014,12,54
Chungcheongbuk-do,Cheongju,2015,1,66
Chungcheongbuk-do,Cheongju,2015,2,84
Chungcheongbuk-do,Cheongju,2015,3,82
Chungcheongbuk-do,Cheongju,2015,4,46
Chungcheongbuk-do,Cheongju,2015,5,57
Chungcheongbuk-do,Cheongju,2015,6,47
Chungcheongbuk-do,Cheongju,2015,7,39
Chungcheongbuk-do,Cheongju,2015,8,38
Chungcheongbuk-do,Cheongju,2015,9,33*
Chungcheongbuk-do,Cheongju,2015,10,57
Chungcheongbuk-do,Cheongju,2015,11,45
Chungcheongbuk-do,Cheongju,2015,12,58
Chungcheongbuk-do,Cheongju,2016,1,55
Chungcheongbuk-do,Cheongju,2016,2,52
Chungcheongbuk-do,Cheongju,2016,3,70
Chungcheongbuk-do,Cheongju,2016,4,72
Chungcheongbuk-do,Cheongju,2016,5,57
Chungcheongbuk-do,Cheongju,2016,6,43
Chungcheongbuk-do,Cheongju,2016,7,24
Chungcheongbuk-do,Cheongju,2016,8,29
Chungcheongbuk-do,Cheongju,2016,9,33
Chungcheongbuk-do,Cheongju,2016,10,40
Chungcheongbuk-do,Cheongju,2016,11,57
Chungcheongbuk-do,Cheongju,2016,12,52
Chungcheongbuk-do,Cheongju,2017,1,56
Chungcheongbuk-do,Cheongju,2017,2,49
Chungcheongbuk-do,Cheongju,2017,3,60
Chungcheongbuk-do,Cheongju,2017,4,57
Chungcheongbuk-do,Cheongju,2017,5,59
Chungcheongbuk-do,Cheongju,2017,6,44
Chungcheongbuk-do,Cheongju,2017,7,31
Chungcheongbuk-do,Cheongju,2017,8,20
Chungcheongbuk-do,Cheongju,2017,9,37
Chungcheongbuk-do,Cheongju,2017,10,35
Chungcheongbuk-do,Cheongju,2017,11,53
Chungcheongbuk-do,Cheongju,2017,12,49
Chungcheongbuk-do,Cheongju,2018,1,58
Chungcheongbuk-do,Cheongju,2018,2,51
Chungcheongbuk-do,Cheongju,2018,3,51
Chungcheongbuk-do,Cheongju,2018,4,57
Chungcheongbuk-do,Cheongju,2018,5,44
Chungcheongbuk-do,Cheongju,2018,6,41
Chungcheongbuk-do,Cheongju,2018,7,29
Chungcheongbuk-do,Cheongju,2018,8,24
Chungcheongbuk-do,Cheongju,2018,9,24
Chungcheongbuk-do,Cheongju,2018,10,38
Chungcheongbuk-do,Cheongju,2018,11,68
Chungcheongbuk-do,Cheongju,2018,12,52
Chungcheongbuk-do,Cheongju,2019,1,71
Chungcheongbuk-do,Cheongju,2019,2,67
Chungcheongbuk-do,Cheongju,2019,3,70
Chungcheongbuk-do,Cheongju,2019,4,45
Chungcheongbuk-do,Cheongju,2019,5,53
Chungcheongbuk-do,Cheongju,2019,6,38
Chungcheongbuk-do,Cheongju,2019,7,25
Chungcheongbuk-do,Cheongju,2019,8,26
Chungcheongbuk-do,Cheongju,2019,9,24
Chungcheongbuk-do,Cheongju,2019,10,34
Chungcheongbuk-do,Cheongju,2019,11,47
Chungcheongbuk-do,Cheongju,2019,12,47
Chungcheongbuk-do,Cheongju,2020,1,48
Chungcheongbuk-do,Cheongju,2020,2,45
Chungcheongbuk-do,Cheongju,2020,3,45
Chungcheongbuk-do,Cheongju,2020,4,44
Chungcheongbuk-do,Cheongju,2020,5,36
Chungcheongnam-do,Cheonan,2011,1,38
Chungcheongnam-do,Cheonan,2011,2,64
Chungcheongnam-do,Cheonan,2011,3,68
Chungcheongnam-do,Cheonan,2011,4,54
Chungcheongnam-do,Cheonan,2011,5,69
Chungcheongnam-do,Cheonan,2011,6,48
Chungcheongnam-do,Cheonan,2011,7,25
Chungcheongnam-do,Cheonan,2011,8,24
Chungcheongnam-do,Cheonan,2011,9,30
Chungcheongnam-do,Cheonan,2011,10,47
Chungcheongnam-do,Cheonan,2011,11,45
Chungcheongnam-do,Cheonan,2011,12,43
Chungcheongnam-do,Cheonan,2012,1,56
Chungcheongnam-do,Cheonan,2012,2,49
Chungcheongnam-do,Cheonan,2012,3,53
Chungcheongnam-do,Cheonan,2012,4,54
Chungcheongnam-do,Cheonan,2012,5,63
Chungcheongnam-do,Cheonan,2012,6,43
Chungcheongnam-do,Cheonan,2012,7,26
Chungcheongnam-do,Cheonan,2012,8,23
Chungcheongnam-do,Cheonan,2012,9,34
Chungcheongnam-do,Cheonan,2012,10,40
Chungcheongnam-do,Cheonan,2012,11,50
Chungcheongnam-do,Cheonan,2012,12,46
Chungcheongnam-do,Cheonan,2013,1,67
Chungcheongnam-do,Cheonan,2013,2,54
Chungcheongnam-do,Cheonan,2013,3,62
Chungcheongnam-do,Cheonan,2013,4,58
Chungcheongnam-do,Cheonan,2013,5,65
Chungcheongnam-do,Cheonan,2013,6,43
Chungcheongnam-do,Cheonan,2013,7,29
Chungcheongnam-do,Cheonan,2013,8,31
Chungcheongnam-do,Cheonan,2013,9,31
Chungcheongnam-do,Cheonan,2013,10,31
Chungcheongnam-do,Cheonan,2013,11,42
Chungcheongnam-do,Cheonan,2013,12,50
Chungcheongnam-do,Cheonan,2014,1,60
Chungcheongnam-do,Cheonan,2014,2,63
Chungcheongnam-do,Cheonan,2014,3,59
Chungcheongnam-do,Cheonan,2014,4,59
Chungcheongnam-do,Cheonan,2014,5,64
Chungcheongnam-do,Cheonan,2014,6,41
Chungcheongnam-do,Cheonan,2014,7,36
Chungcheongnam-do,Cheonan,2014,8,25
Chungcheongnam-do,Cheonan,2014,9,31
Chungcheongnam-do,Cheonan,2014,10,37
Chungcheongnam-do,Cheonan,2014,11,45
Chungcheongnam-do,Cheonan,2014,12,44
Chungcheongnam-do,Cheonan,2015,1,56
Chungcheongnam-do,Cheonan,2015,2,78
Chungcheongnam-do,Cheonan,2015,3,71
Chungcheongnam-do,Cheonan,2015,4,41
Chungcheongnam-do,Cheonan,2015,5,47
Chungcheongnam-do,Cheonan,2015,6,51
Chungcheongnam-do,Cheonan,2015,7,35
Chungcheongnam-do,Cheonan,2015,8,38*
Chungcheongnam-do,Cheonan,2015,9,31
Chungcheongnam-do,Cheonan,2015,10,56
Chungcheongnam-do,Cheonan,2015,11,42
Chungcheongnam-do,Cheonan,2015,12,51
Chungcheongnam-do,Cheonan,2016,1,53
Chungcheongnam-do,Cheonan,2016,2,47
Chungcheongnam-do,Cheonan,2016,3,64
Chungcheongnam-do,Cheonan,2016,4,73
Chungcheongnam-do,Cheonan,2016,5,56
Chungcheongnam-do,Cheonan,2016,6,45
Chungcheongnam-do,Cheonan,2016,7,29
Chungcheongnam-do,Cheonan,2016,8,37
Chungcheongnam-do,Cheonan,2016,9,37
Chungcheongnam-do,Cheonan,2016,10,42
Chungcheongnam-do,Cheonan,2016,11,55
Chungcheongnam-do,Cheonan,2016,12,48
Chungcheongnam-do,Cheonan,2017,1,54
Chungcheongnam-do,Cheonan,2017,2,46
Chungcheongnam-do,Cheonan,2017,3,60
Chungcheongnam-do,Cheonan,2017,4,56
Chungcheongnam-do,Cheonan,2017,5,63
Chungcheongnam-do,Cheonan,2017,6,43
Chungcheongnam-do,Cheonan,2017,7,35
Chungcheongnam-do,Cheonan,2017,8,28
Chungcheongnam-do,Cheonan,2017,9,39
Chungcheongnam-do,Cheonan,2017,10,38*
Chungcheongnam-do,Cheonan,2017,11,47
Chungcheongnam-do,Cheonan,2017,12,46
Chungcheongnam-do,Cheonan,2018,1,55
Chungcheongnam-do,Cheonan,2018,2,52
Chungcheongnam-do,Cheonan,2018,3,54
Chungcheongnam-do,Cheonan,2018,4,54
Chungcheongnam-do,Cheonan,2018,5,41
Chungcheongnam-do,Cheonan,2018,6,35
Chungcheongnam-do,Cheonan,2018,7,24
Chungcheongnam-do,Cheonan,2018,8,24
Chungcheongnam-do,Cheonan,2018,9,21
Chungcheongnam-do,Cheonan,2018,10,32
Chungcheongnam-do,Cheonan,2018,11,71
Chungcheongnam-do,Cheonan,2018,12,53
Chungcheongnam-do,Cheonan,2019,1,74
Chungcheongnam-do,Cheonan,2019,2,68
Chungcheongnam-do,Cheonan,2019,3,77
Chungcheongnam-do,Cheonan,2019,4,48
Chungcheongnam-do,Cheonan,2019,5,52
Chungcheongnam-do,Cheonan,2019,6,35
Chungcheongnam-do,Cheonan,2019,7,28
Chungcheongnam-do,Cheonan,2019,8,30
Chungcheongnam-do,Cheonan,2019,9,26
Chungcheongnam-do,Cheonan,2019,10,35
Chungcheongnam-do,Cheonan,2019,11,50
Chungcheongnam-do,Cheonan,2019,12,47
Chungcheongnam-do,Cheonan,2020,1,49
Chungcheongnam-do,Cheonan,2020,2,47
Chungcheongnam-do,Cheonan,2020,3,48*
Chungcheongnam-do,Cheonan,2020,4,44*
Chungcheongnam-do,Cheonan,2020,5,34*
Jeollabuk-do,Jeonju,2011,1,49
Jeollabuk-do,Jeonju,2011,2,78
Jeollabuk-do,Jeonju,2011,3,59
Jeollabuk-do,Jeonju,2011,4,56
Jeollabuk-do,Jeonju,2011,5,71
Jeollabuk-do,Jeonju,2011,6,55
Jeollabuk-do,Jeonju,2011,7,32
Jeollabuk-do,Jeonju,2011,8,30
Jeollabuk-do,Jeonju,2011,9,32
Jeollabuk-do,Jeonju,2011,10,42
Jeollabuk-do,Jeonju,2011,11,43
Jeollabuk-do,Jeonju,2011,12,46
Jeollabuk-do,Jeonju,2012,1,64
Jeollabuk-do,Jeonju,2012,2,56
Jeollabuk-do,Jeonju,2012,3,58
Jeollabuk-do,Jeonju,2012,4,55
Jeollabuk-do,Jeonju,2012,5,69
Jeollabuk-do,Jeonju,2012,6,42
Jeollabuk-do,Jeonju,2012,7,29
Jeollabuk-do,Jeonju,2012,8,24
Jeollabuk-do,Jeonju,2012,9,39
Jeollabuk-do,Jeonju,2012,10,44
Jeollabuk-do,Jeonju,2012,11,54
Jeollabuk-do,Jeonju,2012,12,51
Jeollabuk-do,Jeonju,2013,1,78
Jeollabuk-do,Jeonju,2013,2,67
Jeollabuk-do,Jeonju,2013,3,80
Jeollabuk-do,Jeonju,2013,4,69
Jeollabuk-do,Jeonju,2013,5,71
Jeollabuk-do,Jeonju,2013,6,60
Jeollabuk-do,Jeonju,2013,7,35
Jeollabuk-do,Jeonju,2013,8,35
Jeollabuk-do,Jeonju,2013,9,41
Jeollabuk-do,Jeonju,2013,10,42
Jeollabuk-do,Jeonju,2013,11,50
Jeollabuk-do,Jeonju,2013,12,63
Jeollabuk-do,Jeonju,2014,1,77
Jeollabuk-do,Jeonju,2014,2,75
Jeollabuk-do,Jeonju,2014,3,66
Jeollabuk-do,Jeonju,2014,4,65
Jeollabuk-do,Jeonju,2014,5,73
Jeollabuk-do,Jeonju,2014,6,53
Jeollabuk-do,Jeonju,2014,7,37
Jeollabuk-do,Jeonju,2014,8,31
Jeollabuk-do,Jeonju,2014,9,36
Jeollabuk-do,Jeonju,2014,10,37
Jeollabuk-do,Jeonju,2014,11,47
Jeollabuk-do,Jeonju,2014,12,46
Jeollabuk-do,Jeonju,2015,1,54
Jeollabuk-do,Jeonju,2015,2,73
Jeollabuk-do,Jeonju,2015,3,76
Jeollabuk-do,Jeonju,2015,4,45
Jeollabuk-do,Jeonju,2015,5,49
Jeollabuk-do,Jeonju,2015,6,45
Jeollabuk-do,Jeonju,2015,7,32
Jeollabuk-do,Jeonju,2015,8,31
Jeollabuk-do,Jeonju,2015,9,28
Jeollabuk-do,Jeonju,2015,10,54**
Jeollabuk-do,Jeonju,2015,11,43*
Jeollabuk-do,Jeonju,2015,12,61
Jeollabuk-do,Jeonju,2016,1,60
Jeollabuk-do,Jeonju,2016,2,57
Jeollabuk-do,Jeonju,2016,3,69
Jeollabuk-do,Jeonju,2016,4,80
Jeollabuk-do,Jeonju,2016,5,60
Jeollabuk-do,Jeonju,2016,6,51
Jeollabuk-do,Jeonju,2016,7,33
Jeollabuk-do,Jeonju,2016,8,39
Jeollabuk-do,Jeonju,2016,9,42
Jeollabuk-do,Jeonju,2016,10,46
Jeollabuk-do,Jeonju,2016,11,61
Jeollabuk-do,Jeonju,2016,12,55
Jeollabuk-do,Jeonju,2017,1,62
Jeollabuk-do,Jeonju,2017,2,56
Jeollabuk-do,Jeonju,2017,3,72
Jeollabuk-do,Jeonju,2017,4,67
Jeollabuk-do,Jeonju,2017,5,67
Jeollabuk-do,Jeonju,2017,6,49
Jeollabuk-do,Jeonju,2017,7,37
Jeollabuk-do,Jeonju,2017,8,29
Jeollabuk-do,Jeonju,2017,9,40
Jeollabuk-do,Jeonju,2017,10,38
Jeollabuk-do,Jeonju,2017,11,59
Jeollabuk-do,Jeonju,2017,12,48
Jeollabuk-do,Jeonju,2018,1,53
Jeollabuk-do,Jeonju,2018,2,58
Jeollabuk-do,Jeonju,2018,3,57
Jeollabuk-do,Jeonju,2018,4,58
Jeollabuk-do,Jeonju,2018,5,45*
Jeollabuk-do,Jeonju,2018,6,50
Jeollabuk-do,Jeonju,2018,7,28
Jeollabuk-do,Jeonju,2018,8,26
Jeollabuk-do,Jeonju,2018,9,28
Jeollabuk-do,Jeonju,2018,10,38
Jeollabuk-do,Jeonju,2018,11,72
Jeollabuk-do,Jeonju,2018,12,52
Jeollabuk-do,Jeonju,2019,1,66
Jeollabuk-do,Jeonju,2019,2,68
Jeollabuk-do,Jeonju,2019,3,72
Jeollabuk-do,Jeonju,2019,4,47
Jeollabuk-do,Jeonju,2019,5,50
Jeollabuk-do,Jeonju,2019,6,42
Jeollabuk-do,Jeonju,2019,7,27
Jeollabuk-do,Jeonju,2019,8,31
Jeollabuk-do,Jeonju,2019,9,29
Jeollabuk-do,Jeonju,2019,10,39
Jeollabuk-do,Jeonju,2019,11,48
Jeollabuk-do,Jeonju,2019,12,39
Jeollabuk-do,Jeonju,2020,1,45*
Jeollabuk-do,Jeonju,2020,2,39**
Jeollabuk-do,Jeonju,2020,3,44*
Jeollabuk-do,Jeonju,2020,4,42
Jeollabuk-do,Jeonju,2020,5,36
Jeollanam-do,Yeosu,2011,1,37
Jeollanam-do,Yeosu,2011,2,55
Jeollanam-do,Yeosu,2011,3,45
Jeollanam-do,Yeosu,2011,4,45
Jeollanam-do,Yeosu,2011,5,69
Jeollanam-do,Yeosu,2011,6,38
Jeollanam-do,Yeosu,2011,7,30
Jeollanam-do,Yeosu,2011,8,30
Jeollanam-do,Yeosu,2011,9,29
Jeollanam-do,Yeosu,2011,10,37
Jeollanam-do,Yeosu,2011,11,35
Jeollanam-do,Yeosu,2011,12,35
Jeollanam-do,Yeosu,2012,1,43
Jeollanam-do,Yeosu,2012,2,40
Jeollanam-do,Yeosu,2012,3,42
Jeollanam-do,Yeosu,2012,4,40
Jeollanam-do,Yeosu,2012,5,48
Jeollanam-do,Yeosu,2012,6,30
Jeollanam-do,Yeosu,2012,7,26
Jeollanam-do,Yeosu,2012,8,23
Jeollanam-do,Yeosu,2012,9,27
Jeollanam-do,Yeosu,2012,10,33
Jeollanam-do,Yeosu,2012,11,37
Jeollanam-do,Yeosu,2012,12,25
Jeollanam-do,Yeosu,2013,1,43
Jeollanam-do,Yeosu,2013,2,33
Jeollanam-do,Yeosu,2013,3,48
Jeollanam-do,Yeosu,2013,4,36
Jeollanam-do,Yeosu,2013,5,46
Jeollanam-do,Yeosu,2013,6,28
Jeollanam-do,Yeosu,2013,7,27
Jeollanam-do,Yeosu,2013,8,29
Jeollanam-do,Yeosu,2013,9,26
Jeollanam-do,Yeosu,2013,10,28
Jeollanam-do,Yeosu,2013,11,33
Jeollanam-do,Yeosu,2013,12,36
Jeollanam-do,Yeosu,2014,1,51
Jeollanam-do,Yeosu,2014,2,38
Jeollanam-do,Yeosu,2014,3,42
Jeollanam-do,Yeosu,2014,4,40
Jeollanam-do,Yeosu,2014,5,53
Jeollanam-do,Yeosu,2014,6,36
Jeollanam-do,Yeosu,2014,7,28
Jeollanam-do,Yeosu,2014,8,27
Jeollanam-do,Yeosu,2014,9,28
Jeollanam-do,Yeosu,2014,10,26
Jeollanam-do,Yeosu,2014,11,29
Jeollanam-do,Yeosu,2014,12,30
Jeollanam-do,Yeosu,2015,1,34
Jeollanam-do,Yeosu,2015,2,52
Jeollanam-do,Yeosu,2015,3,45
Jeollanam-do,Yeosu,2015,4,34
Jeollanam-do,Yeosu,2015,5,39
Jeollanam-do,Yeosu,2015,6,36
Jeollanam-do,Yeosu,2015,7,31*
Jeollanam-do,Yeosu,2015,8,30
Jeollanam-do,Yeosu,2015,9,22*
Jeollanam-do,Yeosu,2015,10,37
Jeollanam-do,Yeosu,2015,11,24
Jeollanam-do,Yeosu,2015,12,33
Jeollanam-do,Yeosu,2016,1,34
Jeollanam-do,Yeosu,2016,2,37
Jeollanam-do,Yeosu,2016,3,43
Jeollanam-do,Yeosu,2016,4,52
Jeollanam-do,Yeosu,2016,5,47
Jeollanam-do,Yeosu,2016,6,28
Jeollanam-do,Yeosu,2016,7,22
Jeollanam-do,Yeosu,2016,8,30
Jeollanam-do,Yeosu,2016,9,28
Jeollanam-do,Yeosu,2016,10,29
Jeollanam-do,Yeosu,2016,11,35
Jeollanam-do,Yeosu,2016,12,29
Jeollanam-do,Yeosu,2017,1,33
Jeollanam-do,Yeosu,2017,2,30
Jeollanam-do,Yeosu,2017,3,39
Jeollanam-do,Yeosu,2017,4,42
Jeollanam-do,Yeosu,2017,5,50
Jeollanam-do,Yeosu,2017,6,30
Jeollanam-do,Yeosu,2017,7,27
Jeollanam-do,Yeosu,2017,8,22
Jeollanam-do,Yeosu,2017,9,28
Jeollanam-do,Yeosu,2017,10,22
Jeollanam-do,Yeosu,2017,11,38
Jeollanam-do,Yeosu,2017,12,31
Jeollanam-do,Yeosu,2018,1,34
Jeollanam-do,Yeosu,2018,2,39
Jeollanam-do,Yeosu,2018,3,34
Jeollanam-do,Yeosu,2018,4,49
Jeollanam-do,Yeosu,2018,5,32
Jeollanam-do,Yeosu,2018,6,31
Jeollanam-do,Yeosu,2018,7,26
Jeollanam-do,Yeosu,2018,8,21
Jeollanam-do,Yeosu,2018,9,21
Jeollanam-do,Yeosu,2018,10,27
Jeollanam-do,Yeosu,2018,11,41
Jeollanam-do,Yeosu,2018,12,35
Jeollanam-do,Yeosu,2019,1,40
Jeollanam-do,Yeosu,2019,2,45
Jeollanam-do,Yeosu,2019,3,42
Jeollanam-do,Yeosu,2019,4,31
Jeollanam-do,Yeosu,2019,5,39
Jeollanam-do,Yeosu,2019,6,30
Jeollanam-do,Yeosu,2019,7,23
Jeollanam-do,Yeosu,2019,8,27
Jeollanam-do,Yeosu,2019,9,23
Jeollanam-do,Yeosu,2019,10,24
Jeollanam-do,Yeosu,2019,11,34
Jeollanam-do,Yeosu,2019,12,26
Jeollanam-do,Yeosu,2020,1,27
Jeollanam-do,Yeosu,2020,2,28
Jeollanam-do,Yeosu,2020,3,28
Jeollanam-do,Yeosu,2020,4,32
Jeollanam-do,Yeosu,2020,5,27
Gyeongsangbuk-do,Pohang,2011,1,45
Gyeongsangbuk-do,Pohang,2011,2,63
Gyeongsangbuk-do,Pohang,2011,3,70
Gyeongsangbuk-do,Pohang,2011,4,59
Gyeongsangbuk-do,Pohang,2011,5,72
Gyeongsangbuk-do,Pohang,2011,6,53
Gyeongsangbuk-do,Pohang,2011,7,39
Gyeongsangbuk-do,Pohang,2011,8,32
Gyeongsangbuk-do,Pohang,2011,9,38
Gyeongsangbuk-do,Pohang,2011,10,47
Gyeongsangbuk-do,Pohang,2011,11,51
Gyeongsangbuk-do,Pohang,2011,12,50
Gyeongsangbuk-do,Pohang,2012,1,55
Gyeongsangbuk-do,Pohang,2012,2,49
Gyeongsangbuk-do,Pohang,2012,3,51
Gyeongsangbuk-do,Pohang,2012,4,56
Gyeongsangbuk-do,Pohang,2012,5,55
Gyeongsangbuk-do,Pohang,2012,6,41
Gyeongsangbuk-do,Pohang,2012,7,39
Gyeongsangbuk-do,Pohang,2012,8,32
Gyeongsangbuk-do,Pohang,2012,9,33
Gyeongsangbuk-do,Pohang,2012,10,43
Gyeongsangbuk-do,Pohang,2012,11,48
Gyeongsangbuk-do,Pohang,2012,12,37
Gyeongsangbuk-do,Pohang,2013,1,58
Gyeongsangbuk-do,Pohang,2013,2,48
Gyeongsangbuk-do,Pohang,2013,3,63
Gyeongsangbuk-do,Pohang,2013,4,50
Gyeongsangbuk-do,Pohang,2013,5,58
Gyeongsangbuk-do,Pohang,2013,6,44
Gyeongsangbuk-do,Pohang,2013,7,40
Gyeongsangbuk-do,Pohang,2013,8,41
Gyeongsangbuk-do,Pohang,2013,9,34
Gyeongsangbuk-do,Pohang,2013,10,38
Gyeongsangbuk-do,Pohang,2013,11,45
Gyeongsangbuk-do,Pohang,2013,12,47
Gyeongsangbuk-do,Pohang,2014,1,57
Gyeongsangbuk-do,Pohang,2014,2,49
Gyeongsangbuk-do,Pohang,2014,3,53
Gyeongsangbuk-do,Pohang,2014,4,62
Gyeongsangbuk-do,Pohang,2014,5,69
Gyeongsangbuk-do,Pohang,2014,6,48
Gyeongsangbuk-do,Pohang,2014,7,44
Gyeongsangbuk-do,Pohang,2014,8,32
Gyeongsangbuk-do,Pohang,2014,9,30
Gyeongsangbuk-do,Pohang,2014,10,38
Gyeongsangbuk-do,Pohang,2014,11,42
Gyeongsangbuk-do,Pohang,2014,12,33*
Gyeongsangbuk-do,Pohang,2015,1,42
Gyeongsangbuk-do,Pohang,2015,2,62
Gyeongsangbuk-do,Pohang,2015,3,59
Gyeongsangbuk-do,Pohang,2015,4,46
Gyeongsangbuk-do,Pohang,2015,5,49
Gyeongsangbuk-do,Pohang,2015,6,44
Gyeongsangbuk-do,Pohang,2015,7,34
Gyeongsangbuk-do,Pohang,2015,8,37*
Gyeongsangbuk-do,Pohang,2015,9,34*
Gyeongsangbuk-do,Pohang,2015,10,39*
Gyeongsangbuk-do,Pohang,2015,11,30
Gyeongsangbuk-do,Pohang,2015,12,34*
Gyeongsangbuk-do,Pohang,2016,1,38
Gyeongsangbuk-do,Pohang,2016,2,36
Gyeongsangbuk-do,Pohang,2016,3,43
Gyeongsangbuk-do,Pohang,2016,4,55
Gyeongsangbuk-do,Pohang,2016,5,51
Gyeongsangbuk-do,Pohang,2016,6,37
Gyeongsangbuk-do,Pohang,2016,7,29
Gyeongsangbuk-do,Pohang,2016,8,27
Gyeongsangbuk-do,Pohang,2016,9,31
Gyeongsangbuk-do,Pohang,2016,10,33
Gyeongsangbuk-do,Pohang,2016,11,45
Gyeongsangbuk-do,Pohang,2016,12,42
Gyeongsangbuk-do,Pohang,2017,1,41
Gyeongsangbuk-do,Pohang,2017,2,37
Gyeongsangbuk-do,Pohang,2017,3,45
Gyeongsangbuk-do,Pohang,2017,4,42
Gyeongsangbuk-do,Pohang,2017,5,50
Gyeongsangbuk-do,Pohang,2017,6,34
Gyeongsangbuk-do,Pohang,2017,7,29
Gyeongsangbuk-do,Pohang,2017,8,23*
Gyeongsangbuk-do,Pohang,2017,9,32
Gyeongsangbuk-do,Pohang,2017,10,32
Gyeongsangbuk-do,Pohang,2017,11,47
Gyeongsangbuk-do,Pohang,2017,12,44
Gyeongsangbuk-do,Pohang,2018,1,47
Gyeongsangbuk-do,Pohang,2018,2,49
Gyeongsangbuk-do,Pohang,2018,3,45
Gyeongsangbuk-do,Pohang,2018,4,64
Gyeongsangbuk-do,Pohang,2018,5,50
Gyeongsangbuk-do,Pohang,2018,6,40
Gyeongsangbuk-do,Pohang,2018,7,36
Gyeongsangbuk-do,Pohang,2018,8,24
Gyeongsangbuk-do,Pohang,2018,9,27
Gyeongsangbuk-do,Pohang,2018,10,31
Gyeongsangbuk-do,Pohang,2018,11,48
Gyeongsangbuk-do,Pohang,2018,12,38
Gyeongsangbuk-do,Pohang,2019,1,47
Gyeongsangbuk-do,Pohang,2019,2,45
Gyeongsangbuk-do,Pohang,2019,3,52
Gyeongsangbuk-do,Pohang,2019,4,42
Gyeongsangbuk-do,Pohang,2019,5,49
Gyeongsangbuk-do,Pohang,2019,6,36
Gyeongsangbuk-do,Pohang,2019,7,29
Gyeongsangbuk-do,Pohang,2019,8,29
Gyeongsangbuk-do,Pohang,2019,9,27
Gyeongsangbuk-do,Pohang,2019,10,33
Gyeongsangbuk-do,Pohang,2019,11,42
Gyeongsangbuk-do,Pohang,2019,12,39
Gyeongsangbuk-do,Pohang,2020,1,37
Gyeongsangbuk-do,Pohang,2020,2,38
Gyeongsangbuk-do,Pohang,2020,3,41
Gyeongsangbuk-do,Pohang,2020,4,42
Gyeongsangbuk-do,Pohang,2020,5,38
Gyeongsangnam-do,Changwon,2011,1,39
Gyeongsangnam-do,Changwon,2011,2,63
Gyeongsangnam-do,Changwon,2011,3,57
Gyeongsangnam-do,Changwon,2011,4,53
Gyeongsangnam-do,Changwon,2011,5,70
Gyeongsangnam-do,Changwon,2011,6,45
Gyeongsangnam-do,Changwon,2011,7,32
Gyeongsangnam-do,Changwon,2011,8,30
Gyeongsangnam-do,Changwon,2011,9,31
Gyeongsangnam-do,Changwon,2011,10,44
Gyeongsangnam-do,Changwon,2011,11,48
Gyeongsangnam-do,Changwon,2011,12,44
Gyeongsangnam-do,Changwon,2012,1,48
Gyeongsangnam-do,Changwon,2012,2,47
Gyeongsangnam-do,Changwon,2012,3,49
Gyeongsangnam-do,Changwon,2012,4,51
Gyeongsangnam-do,Changwon,2012,5,54
Gyeongsangnam-do,Changwon,2012,6,35
Gyeongsangnam-do,Changwon,2012,7,33
Gyeongsangnam-do,Changwon,2012,8,25
Gyeongsangnam-do,Changwon,2012,9,33
Gyeongsangnam-do,Changwon,2012,10,44
Gyeongsangnam-do,Changwon,2012,11,48
Gyeongsangnam-do,Changwon,2012,12,41
Gyeongsangnam-do,Changwon,2013,1,63
Gyeongsangnam-do,Changwon,2013,2,49
Gyeongsangnam-do,Changwon,2013,3,65
Gyeongsangnam-do,Changwon,2013,4,49
Gyeongsangnam-do,Changwon,2013,5,61
Gyeongsangnam-do,Changwon,2013,6,45
Gyeongsangnam-do,Changwon,2013,7,34
Gyeongsangnam-do,Changwon,2013,8,43
Gyeongsangnam-do,Changwon,2013,9,34
Gyeongsangnam-do,Changwon,2013,10,41
Gyeongsangnam-do,Changwon,2013,11,49
Gyeongsangnam-do,Changwon,2013,12,53
Gyeongsangnam-do,Changwon,2014,1,67
Gyeongsangnam-do,Changwon,2014,2,52
Gyeongsangnam-do,Changwon,2014,3,53
Gyeongsangnam-do,Changwon,2014,4,54
Gyeongsangnam-do,Changwon,2014,5,69
Gyeongsangnam-do,Changwon,2014,6,49
Gyeongsangnam-do,Changwon,2014,7,40
Gyeongsangnam-do,Changwon,2014,8,29
Gyeongsangnam-do,Changwon,2014,9,37
Gyeongsangnam-do,Changwon,2014,10,43
Gyeongsangnam-do,Changwon,2014,11,50
Gyeongsangnam-do,Changwon,2014,12,44
Gyeongsangnam-do,Changwon,2015,1,47
Gyeongsangnam-do,Changwon,2015,2,63
Gyeongsangnam-do,Changwon,2015,3,56
Gyeongsangnam-do,Changwon,2015,4,47
Gyeongsangnam-do,Changwon,2015,5,51
Gyeongsangnam-do,Changwon,2015,6,50
Gyeongsangnam-do,Changwon,2015,7,38*
Gyeongsangnam-do,Changwon,2015,8,39
Gyeongsangnam-do,Changwon,2015,9,31
Gyeongsangnam-do,Changwon,2015,10,46*
Gyeongsangnam-do,Changwon,2015,11,36
Gyeongsangnam-do,Changwon,2015,12,44
Gyeongsangnam-do,Changwon,2016,1,45
Gyeongsangnam-do,Changwon,2016,2,47
Gyeongsangnam-do,Changwon,2016,3,53
Gyeongsangnam-do,Changwon,2016,4,61
Gyeongsangnam-do,Changwon,2016,5,55
Gyeongsangnam-do,Changwon,2016,6,44
Gyeongsangnam-do,Changwon,2016,7,34
Gyeongsangnam-do,Changwon,2016,8,38
Gyeongsangnam-do,Changwon,2016,9,38
Gyeongsangnam-do,Changwon,2016,10,41
Gyeongsangnam-do,Changwon,2016,11,52
Gyeongsangnam-do,Changwon,2016,12,46
Gyeongsangnam-do,Changwon,2017,1,47
Gyeongsangnam-do,Changwon,2017,2,43
Gyeongsangnam-do,Changwon,2017,3,51
Gyeongsangnam-do,Changwon,2017,4,54
Gyeongsangnam-do,Changwon,2017,5,57
Gyeongsangnam-do,Changwon,2017,6,46
Gyeongsangnam-do,Changwon,2017,7,41
Gyeongsangnam-do,Changwon,2017,8,33
Gyeongsangnam-do,Changwon,2017,9,39
Gyeongsangnam-do,Changwon,2017,10,34
Gyeongsangnam-do,Changwon,2017,11,50
Gyeongsangnam-do,Changwon,2017,12,46
Gyeongsangnam-do,Changwon,2018,1,46
Gyeongsangnam-do,Changwon,2018,2,51
Gyeongsangnam-do,Changwon,2018,3,44
Gyeongsangnam-do,Changwon,2018,4,63
Gyeongsangnam-do,Changwon,2018,5,43
Gyeongsangnam-do,Changwon,2018,6,42
Gyeongsangnam-do,Changwon,2018,7,36
Gyeongsangnam-do,Changwon,2018,8,30
Gyeongsangnam-do,Changwon,2018,9,32
Gyeongsangnam-do,Changwon,2018,10,40
Gyeongsangnam-do,Changwon,2018,11,57
Gyeongsangnam-do,Changwon,2018,12,48
Gyeongsangnam-do,Changwon,2019,1,53
Gyeongsangnam-do,Changwon,2019,2,53
Gyeongsangnam-do,Changwon,2019,3,51
Gyeongsangnam-do,Changwon,2019,4,42
Gyeongsangnam-do,Changwon,2019,5,49
Gyeongsangnam-do,Changwon,2019,6,37
Gyeongsangnam-do,Changwon,2019,7,30
Gyeongsangnam-do,Changwon,2019,8,34
Gyeongsangnam-do,Changwon,2019,9,29
Gyeongsangnam-do,Changwon,2019,10,32
Gyeongsangnam-do,Changwon,2019,11,38
Gyeongsangnam-do,Changwon,2019,12,34
Gyeongsangnam-do,Changwon,2020,1,29
Gyeongsangnam-do,Changwon,2020,2,31
Gyeongsangnam-do,Changwon,2020,3,30
Gyeongsangnam-do,Changwon,2020,4,33
Gyeongsangnam-do,Changwon,2020,5,31
Jeju-do,Jeju,2011,1,29
Jeju-do,Jeju,2011,2,52
Jeju-do,Jeju,2011,3,48
Jeju-do,Jeju,2011,4,50
Jeju-do,Jeju,2011,5,76
Jeju-do,Jeju,2011,6,43
Jeju-do,Jeju,2011,7,28
Jeju-do,Jeju,2011,8,29
Jeju-do,Jeju,2011,9,26
Jeju-do,Jeju,2011,10,40
Jeju-do,Jeju,2011,11,36
Jeju-do,Jeju,2011,12,36
Jeju-do,Jeju,2012,1,47
Jeju-do,Jeju,2012,2,39
Jeju-do,Jeju,2012,3,45
Jeju-do,Jeju,2012,4,41
Jeju-do,Jeju,2012,5,51
Jeju-do,Jeju,2012,6,23
Jeju-do,Jeju,2012,7,21
Jeju-do,Jeju,2012,8,19
Jeju-do,Jeju,2012,9,31
Jeju-do,Jeju,2012,10,37
Jeju-do,Jeju,2012,11,44
Jeju-do,Jeju,2012,12,26
Jeju-do,Jeju,2013,1,44
Jeju-do,Jeju,2013,2,37
Jeju-do,Jeju,2013,3,56
Jeju-do,Jeju,2013,4,46
Jeju-do,Jeju,2013,5,58
Jeju-do,Jeju,2013,6,36
Jeju-do,Jeju,2013,7,30
Jeju-do,Jeju,2013,8,31
Jeju-do,Jeju,2013,9,34
Jeju-do,Jeju,2013,10,39
Jeju-do,Jeju,2013,11,50
Jeju-do,Jeju,2013,12,45
Jeju-do,Jeju,2014,1,56
Jeju-do,Jeju,2014,2,48
Jeju-do,Jeju,2014,3,57
Jeju-do,Jeju,2014,4,51
Jeju-do,Jeju,2014,5,81
Jeju-do,Jeju,2014,6,54
Jeju-do,Jeju,2014,7,41
Jeju-do,Jeju,2014,8,35
Jeju-do,Jeju,2014,9,34
Jeju-do,Jeju,2014,10,38
Jeju-do,Jeju,2014,11,40
Jeju-do,Jeju,2014,12,49*
Jeju-do,Jeju,2015,1,51
Jeju-do,Jeju,2015,2,63
Jeju-do,Jeju,2015,3,62
Jeju-do,Jeju,2015,4,48
Jeju-do,Jeju,2015,5,42
Jeju-do,Jeju,2015,6,41
Jeju-do,Jeju,2015,7,36
Jeju-do,Jeju,2015,8,39
Jeju-do,Jeju,2015,9,33
Jeju-do,Jeju,2015,10,51
Jeju-do,Jeju,2015,11,41*
Jeju-do,Jeju,2015,12,42
Jeju-do,Jeju,2016,1,45
Jeju-do,Jeju,2016,2,53
Jeju-do,Jeju,2016,3,53
Jeju-do,Jeju,2016,4,61
Jeju-do,Jeju,2016,5,56
Jeju-do,Jeju,2016,6,38
Jeju-do,Jeju,2016,7,29
Jeju-do,Jeju,2016,8,31
Jeju-do,Jeju,2016,9,36
Jeju-do,Jeju,2016,10,42
Jeju-do,Jeju,2016,11,43
Jeju-do,Jeju,2016,12,38
Jeju-do,Jeju,2017,1,37
Jeju-do,Jeju,2017,2,39
Jeju-do,Jeju,2017,3,47
Jeju-do,Jeju,2017,4,59
Jeju-do,Jeju,2017,5,50
Jeju-do,Jeju,2017,6,40
Jeju-do,Jeju,2017,7,31
Jeju-do,Jeju,2017,8,30**
Jeju-do,Jeju,2017,9,36*
Jeju-do,Jeju,2017,10,30
Jeju-do,Jeju,2017,11,45
Jeju-do,Jeju,2017,12,37
Jeju-do,Jeju,2018,1,35
Jeju-do,Jeju,2018,2,43
Jeju-do,Jeju,2018,3,43
Jeju-do,Jeju,2018,4,56
Jeju-do,Jeju,2018,5,38
Jeju-do,Jeju,2018,6,35
Jeju-do,Jeju,2018,7,25
Jeju-do,Jeju,2018,8,24
Jeju-do,Jeju,2018,9,27
Jeju-do,Jeju,2018,10,31
Jeju-do,Jeju,2018,11,42
Jeju-do,Jeju,2018,12,33
Jeju-do,Jeju,2019,1,39
Jeju-do,Jeju,2019,2,46
Jeju-do,Jeju,2019,3,56
Jeju-do,Jeju,2019,4,43
Jeju-do,Jeju,2019,5,47
Jeju-do,Jeju,2019,6,34
Jeju-do,Jeju,2019,7,27
Jeju-do,Jeju,2019,8,30
Jeju-do,Jeju,2019,9,28
Jeju-do,Jeju,2019,10,34
Jeju-do,Jeju,2019,11,44
Jeju-do,Jeju,2019,12,33
Jeju-do,Jeju,2020,1,35
Jeju-do,Jeju,2020,2,38
Jeju-do,Jeju,2020,3,39
Jeju-do,Jeju,2020,4,44
Jeju-do,Jeju,2020,5,38
